{"inputUnits":[34],"outputUnits":4,"inputs":{"0":{"dtype":"number","min":253.21514999657344,"max":321.9808043838709},"1":{"dtype":"number","min":57.94030366120515,"max":271.70590882180494},"2":{"dtype":"number","min":245.80819113212718,"max":342.91696113452576},"3":{"dtype":"number","min":27.38994457103587,"max":264.4451803166499},"4":{"dtype":"number","min":237.85311931290354,"max":307.4718185335572},"5":{"dtype":"number","min":30.373920641447356,"max":268.86549207899304},"6":{"dtype":"number","min":252.1638277585511,"max":377.8243963527865},"7":{"dtype":"number","min":31.943161873324797,"max":236.00570857176302},"8":{"dtype":"number","min":211.36015061049432,"max":296.2920220507051},"9":{"dtype":"number","min":43.03213078608522,"max":260.88199132134804},"10":{"dtype":"number","min":305.8656873201069,"max":429.60469325848254},"11":{"dtype":"number","min":142.10809272632264,"max":252.79185274655822},"12":{"dtype":"number","min":158.41553448236476,"max":313.2037942451343},"13":{"dtype":"number","min":154.19581244098742,"max":258.3976932994106},"14":{"dtype":"number","min":306.4354231390107,"max":478.24594062671326},"15":{"dtype":"number","min":87.70434284767907,"max":434.57516140407984},"16":{"dtype":"number","min":130.98513240702667,"max":320.91829712627924},"17":{"dtype":"number","min":94.38635991563109,"max":465.88418823004235},"18":{"dtype":"number","min":298.766248453895,"max":553.422105577257},"19":{"dtype":"number","min":38.631388941238725,"max":548.8867960849933},"20":{"dtype":"number","min":115.86928994102551,"max":317.4645081458733},"21":{"dtype":"number","min":36.36466608177615,"max":548.163825141059},"22":{"dtype":"number","min":336.0845200685497,"max":459.35397229928947},"23":{"dtype":"number","min":231.5842091223882,"max":531.6056053354959},"24":{"dtype":"number","min":203.67457339638156,"max":434.66666952211256},"25":{"dtype":"number","min":250.4118933129264,"max":552.1106510273894},"26":{"dtype":"number","min":312.9100372730872,"max":459.14846081947485},"27":{"dtype":"number","min":305.91892889368603,"max":560.0226090340121},"28":{"dtype":"number","min":191.8639541834186,"max":441.98689897622745},"29":{"dtype":"number","min":313.4931455021016,"max":558.2664384154083},"30":{"dtype":"number","min":304.77145546361015,"max":457.3091042204442},"31":{"dtype":"number","min":403.00733540257977,"max":559.5055100885284},"32":{"dtype":"number","min":193.20365028306986,"max":427.92384335404483},"33":{"dtype":"number","min":421.26789858931454,"max":560.6767646239282}},"outputs":{"0":{"dtype":"string","min":0,"max":1,"uniqueValues":["c","b","w","m"],"legend":{"c":[1,0,0,0],"b":[0,1,0,0],"w":[0,0,1,0],"m":[0,0,0,1]}}},"isNormalized":true}